{"accuracy": 0.89, "f1_pos": 0.892578125, "f1_neg": 0.8872950819672131, "dataset_size": 50000}